id , coauthors
1 , 1
2 , 0
3 , 0
4 , 1
5 , 0
6 , 0
7 , 0
8 , 0
9 , 1
10 , 1
11 , 0
12 , 0
13 , 0
14 , 1
15 , 0
16 , 0
17 , 1
18 , 0
19 , 0
20 , 1
21 , 1
22 , 1
23 , 0
24 , 1
25 , 0
26 , 1
27 , 1
28 , 1
29 , 1
30 , 1
31 , 0
32 , 1
33 , 0
34 , 0
35 , 0
36 , 0
37 , 1
38 , 0
39 , 1
40 , 0
41 , 0
42 , 1
43 , 1
44 , 1
45 , 0
46 , 1
47 , 0
48 , 1
49 , 0
50 , 0
51 , 1
52 , 1
53 , 1
54 , 0
55 , 0
56 , 0
57 , 0
58 , 0
59 , 0
60 , 0
61 , 0
62 , 1
63 , 1
64 , 0
65 , 0
66 , 1
67 , 1
68 , 0
69 , 0
70 , 0
71 , 0
72 , 1
73 , 0
74 , 0
75 , 0
76 , 0
77 , 0
78 , 0
79 , 1
80 , 0
81 , 1
82 , 0
83 , 0
84 , 1
85 , 0
86 , 0
87 , 0
88 , 1
89 , 1
90 , 1
91 , 1
92 , 1
93 , 0
94 , 1
95 , 1
96 , 0
97 , 0
98 , 0
99 , 0
100 , 1
101 , 1
102 , 0
103 , 1
104 , 1
105 , 0
106 , 0
107 , 1
108 , 0
109 , 1
110 , 0
111 , 0
112 , 1
113 , 0
114 , 0
115 , 0
116 , 1
117 , 1
118 , 1
119 , 1
120 , 1
121 , 0
122 , 0
123 , 1
124 , 1
125 , 0
126 , 1
127 , 0
128 , 0
129 , 1
130 , 0
131 , 1
132 , 1
133 , 0
134 , 0
135 , 1
136 , 0
137 , 0
138 , 1
139 , 0
140 , 0
141 , 0
142 , 1
143 , 1
144 , 1
145 , 1
146 , 0
147 , 0
148 , 1
149 , 0
150 , 1
151 , 0
152 , 1
153 , 1
154 , 0
155 , 0
156 , 0
157 , 0
158 , 0
159 , 1
160 , 1
161 , 1
162 , 0
163 , 0
164 , 0
165 , 0
166 , 1
167 , 0
168 , 1
169 , 0
170 , 0
171 , 0
172 , 0
173 , 1
174 , 1
175 , 0
176 , 0
177 , 1
178 , 1
179 , 0
180 , 1
181 , 1
182 , 1
183 , 0
184 , 1
185 , 1
186 , 0
187 , 1
188 , 0
189 , 1
190 , 0
191 , 1
192 , 0
193 , 0
194 , 0
195 , 1
196 , 0
197 , 0
198 , 1
199 , 1
200 , 0
201 , 0
202 , 0
203 , 0
204 , 1
205 , 1
206 , 0
207 , 0
208 , 0
209 , 0
210 , 1
211 , 1
212 , 1
213 , 0
214 , 0
215 , 0
216 , 1
217 , 1
218 , 1
219 , 0
220 , 0
221 , 1
222 , 0
223 , 1
224 , 1
225 , 0
226 , 0
227 , 1
228 , 0
229 , 1
230 , 0
231 , 0
232 , 1
233 , 1
234 , 0
235 , 0
236 , 0
237 , 0
238 , 0
239 , 1
240 , 1
241 , 0
242 , 1
243 , 1
244 , 1
245 , 1
246 , 0
247 , 0
248 , 0
249 , 0
250 , 0
251 , 0
252 , 1
253 , 1
254 , 1
255 , 1
256 , 0
257 , 1
258 , 1
259 , 1
260 , 1
261 , 0
262 , 0
263 , 1
264 , 1
265 , 1
266 , 0
267 , 0
268 , 0
269 , 0
270 , 0
271 , 0
272 , 1
273 , 0
274 , 1
275 , 1
276 , 1
277 , 0
278 , 0
279 , 0
280 , 0
281 , 1
282 , 1
283 , 1
284 , 1
285 , 1
286 , 0
287 , 1
288 , 0
289 , 0
290 , 0
291 , 1
292 , 1
293 , 1
294 , 0
295 , 0
296 , 0
297 , 1
298 , 1
299 , 0
300 , 0
301 , 1
302 , 1
303 , 0
304 , 0
305 , 0
306 , 1
307 , 1
308 , 0
309 , 1
310 , 0
311 , 0
312 , 0
313 , 1
314 , 0
315 , 1
316 , 0
317 , 0
318 , 1
319 , 0
320 , 0
321 , 0
322 , 0
323 , 0
324 , 0
325 , 1
326 , 1
327 , 0
328 , 1
329 , 0
330 , 0
331 , 1
332 , 1
333 , 0
334 , 0
335 , 0
336 , 0
337 , 1
338 , 1
339 , 1
340 , 1
341 , 1
342 , 0
343 , 1
344 , 1
345 , 1
346 , 1
347 , 1
348 , 0
349 , 0
350 , 0
351 , 1
352 , 0
353 , 0
354 , 1
355 , 0
356 , 0
357 , 1
358 , 0
359 , 1
360 , 0
361 , 0
362 , 0
363 , 1
364 , 1
365 , 1
366 , 1
367 , 1
368 , 0
369 , 0
370 , 0
371 , 0
372 , 0
373 , 0
374 , 1
375 , 1
376 , 0
377 , 1
378 , 0
379 , 0
380 , 0
381 , 0
382 , 0
383 , 1
384 , 0
385 , 0
386 , 1
387 , 0
388 , 1
389 , 1
390 , 1
391 , 1
392 , 0
393 , 1
394 , 0
395 , 1
396 , 1
397 , 0
398 , 0
399 , 0
400 , 1
401 , 1
402 , 1
403 , 1
404 , 0
405 , 0
406 , 1
407 , 0
408 , 1
409 , 0
410 , 0
411 , 0
412 , 0
413 , 0
414 , 0
415 , 1
416 , 0
417 , 0
418 , 1
419 , 0
420 , 0
421 , 1
422 , 1
423 , 1
424 , 1
425 , 1
426 , 0
427 , 0
428 , 1
429 , 0
430 , 1
431 , 1
432 , 0
433 , 0
434 , 0
435 , 1
436 , 0
437 , 0
438 , 1
439 , 1
440 , 1
441 , 0
442 , 1
443 , 0
444 , 1
445 , 1
446 , 0
447 , 0
448 , 0
449 , 1
450 , 1
451 , 1
452 , 1
453 , 1
454 , 1
455 , 1
456 , 1
457 , 0
458 , 1
459 , 0
460 , 0
461 , 1
462 , 0
463 , 0
464 , 1
465 , 0
466 , 1
467 , 0
468 , 0
469 , 0
470 , 1
471 , 0
472 , 0
473 , 0
474 , 1
475 , 1
476 , 1
477 , 0
478 , 0
479 , 0
480 , 1
481 , 1
482 , 0
483 , 1
484 , 1
485 , 1
486 , 0
487 , 0
488 , 1
489 , 1
490 , 0
491 , 1
492 , 1
493 , 0
494 , 0
495 , 1
496 , 0
497 , 0
498 , 1
499 , 0
500 , 0
501 , 0
502 , 1
503 , 0
504 , 1
505 , 1
506 , 0
507 , 0
508 , 1
509 , 0
510 , 1
511 , 1
512 , 0
513 , 1
514 , 0
515 , 1
516 , 1
517 , 1
518 , 0
519 , 0
520 , 1
521 , 1
522 , 1
523 , 1
524 , 1
525 , 0
526 , 1
527 , 1
528 , 0
529 , 0
530 , 1
531 , 1
532 , 1
533 , 0
534 , 0
535 , 1
536 , 1
537 , 0
538 , 0
539 , 1
540 , 0
541 , 1
542 , 1
543 , 0
544 , 0
545 , 1
546 , 1
547 , 0
548 , 1
549 , 0
550 , 0
551 , 1
552 , 0
553 , 0
554 , 0
555 , 1
556 , 0
557 , 0
558 , 1
559 , 1
560 , 0
561 , 1
562 , 0
563 , 0
564 , 0
565 , 1
566 , 1
567 , 0
568 , 0
569 , 1
570 , 1
571 , 1
572 , 1
573 , 1
574 , 0
575 , 1
576 , 0
577 , 1
578 , 0
579 , 1
580 , 1
581 , 0
582 , 0
583 , 0
584 , 0
585 , 1
586 , 0
587 , 1
588 , 1
589 , 0
590 , 1
591 , 1
592 , 0
593 , 1
594 , 0
595 , 0
596 , 1
597 , 1
598 , 1
599 , 1
600 , 1
601 , 0
602 , 0
603 , 1
604 , 1
605 , 1
606 , 1
607 , 0
608 , 0
609 , 1
610 , 1
611 , 0
612 , 1
613 , 1
614 , 0
615 , 0
616 , 1
617 , 1
618 , 0
619 , 1
620 , 1
621 , 1
622 , 0
623 , 0
624 , 1
625 , 0
626 , 1
627 , 0
628 , 0
629 , 0
630 , 0
631 , 0
632 , 0
633 , 0
634 , 1
635 , 0
636 , 0
637 , 1
638 , 0
639 , 1
640 , 1
641 , 1
642 , 0
643 , 0
644 , 0
645 , 0
646 , 0
647 , 1
648 , 0
649 , 1
650 , 1
651 , 0
652 , 0
653 , 0
654 , 0
655 , 1
656 , 0
657 , 1
658 , 0
659 , 0
660 , 1
661 , 0
662 , 1
663 , 0
664 , 1
665 , 0
666 , 0
667 , 0
668 , 1
669 , 0
670 , 0
671 , 0
672 , 1
673 , 1
674 , 0
675 , 0
676 , 1
677 , 0
678 , 1
679 , 1
680 , 1
681 , 0
682 , 0
683 , 0
684 , 1
685 , 0
686 , 1
687 , 1
688 , 1
689 , 0
690 , 1
691 , 1
692 , 0
693 , 0
694 , 1
695 , 0
696 , 1
697 , 1
698 , 1
699 , 1
700 , 1
701 , 1
702 , 1
703 , 1
704 , 1
705 , 0
706 , 1
707 , 0
708 , 1
709 , 0
710 , 1
711 , 1
712 , 0
713 , 1
714 , 0
715 , 0
716 , 0
717 , 1
718 , 0
719 , 0
720 , 0
721 , 0
722 , 0
723 , 0
724 , 0
725 , 0
726 , 0
727 , 0
728 , 1
729 , 0
730 , 0
731 , 0
732 , 0
733 , 1
734 , 1
735 , 0
736 , 0
737 , 1
738 , 0
739 , 1
740 , 0
741 , 0
742 , 1
743 , 1
744 , 1
745 , 0
746 , 1
747 , 1
748 , 1
749 , 1
750 , 1
751 , 0
752 , 1
753 , 1
754 , 0
755 , 1
756 , 0
757 , 1
758 , 0
759 , 1
760 , 1
761 , 1
762 , 0
763 , 1
764 , 0
765 , 1
766 , 1
767 , 0
768 , 1
769 , 0
770 , 0
771 , 0
772 , 1
773 , 1
774 , 0
775 , 1
776 , 1
777 , 1
778 , 0
779 , 0
780 , 0
781 , 0
782 , 0
783 , 0
784 , 1
785 , 1
786 , 1
787 , 1
788 , 0
789 , 1
790 , 0
791 , 0
792 , 0
793 , 0
794 , 0
795 , 0
796 , 1
797 , 0
798 , 0
799 , 0
800 , 0
801 , 1
802 , 0
803 , 0
804 , 0
805 , 1
806 , 0
807 , 1
808 , 0
809 , 0
810 , 1
811 , 0
812 , 0
813 , 0
814 , 1
815 , 0
816 , 1
817 , 0
818 , 1
819 , 0
820 , 0
821 , 0
822 , 1
823 , 1
824 , 0
825 , 0
826 , 1
827 , 1
828 , 1
829 , 1
830 , 1
831 , 0
832 , 1
833 , 1
834 , 0
835 , 0
836 , 1
837 , 1
838 , 0
839 , 1
840 , 0
841 , 0
842 , 0
843 , 1
844 , 0
845 , 1
846 , 0
847 , 0
848 , 1
849 , 1
850 , 1
851 , 1
852 , 1
853 , 1
854 , 1
855 , 1
856 , 1
857 , 0
858 , 1
859 , 0
860 , 1
861 , 0
862 , 0
863 , 0
864 , 0
865 , 0
866 , 0
867 , 1
868 , 0
869 , 1
870 , 1
871 , 0
872 , 0
873 , 0
874 , 1
875 , 0
876 , 1
877 , 1
878 , 0
879 , 1
880 , 1
881 , 0
882 , 1
883 , 1
884 , 1
885 , 1
886 , 0
887 , 1
888 , 1
889 , 1
890 , 1
891 , 0
892 , 0
893 , 1
894 , 0
895 , 0
896 , 0
897 , 0
898 , 0
899 , 0
900 , 1
901 , 1
902 , 1
903 , 0
904 , 0
905 , 1
906 , 1
907 , 1
908 , 1
909 , 1
910 , 0
911 , 1
912 , 1
913 , 0
914 , 1
915 , 0
916 , 1
917 , 0
918 , 1
919 , 1
920 , 1
921 , 0
922 , 0
923 , 1
924 , 1
925 , 0
926 , 0
927 , 0
928 , 1
929 , 1
930 , 0
931 , 1
932 , 1
933 , 1
934 , 0
935 , 0
936 , 1
937 , 0
938 , 1
939 , 0
940 , 1
941 , 0
942 , 0
943 , 0
944 , 0
945 , 0
946 , 1
947 , 0
948 , 1
949 , 1
950 , 1
951 , 1
952 , 1
953 , 1
954 , 1
955 , 0
956 , 1
957 , 0
958 , 0
959 , 0
960 , 1
961 , 1
962 , 1
963 , 1
964 , 0
965 , 1
966 , 0
967 , 0
968 , 1
969 , 1
970 , 0
971 , 1
972 , 1
973 , 1
974 , 0
975 , 1
976 , 1
977 , 0
978 , 0
979 , 0
980 , 1
981 , 0
982 , 1
983 , 1
984 , 0
985 , 0
986 , 0
987 , 0
988 , 0
989 , 1
990 , 1
991 , 1
992 , 1
993 , 0
994 , 1
995 , 1
996 , 0
997 , 0
998 , 0
999 , 0
1000 , 1
1001 , 0
1002 , 1
1003 , 0
1004 , 1
1005 , 0
1006 , 0
1007 , 1
1008 , 1
1009 , 1
1010 , 0
1011 , 0
1012 , 1
1013 , 1
1014 , 0
1015 , 0
1016 , 1
1017 , 1
1018 , 1
1019 , 0
1020 , 1
1021 , 1
1022 , 0
1023 , 0
1024 , 1
1025 , 0
1026 , 0
1027 , 0
1028 , 1
1029 , 0
1030 , 1
1031 , 0
1032 , 0
1033 , 1
1034 , 0
1035 , 1
1036 , 1
1037 , 0
1038 , 1
1039 , 1
1040 , 1
1041 , 1
1042 , 0
1043 , 1
1044 , 0
1045 , 0
1046 , 0
1047 , 1
1048 , 1
1049 , 0
1050 , 0
1051 , 0
1052 , 1
1053 , 0
1054 , 0
1055 , 0
1056 , 1
1057 , 1
1058 , 0
1059 , 1
1060 , 1
1061 , 1
1062 , 0
1063 , 0
1064 , 1
1065 , 1
1066 , 1
1067 , 1
1068 , 1
1069 , 0
1070 , 1
1071 , 0
1072 , 1
1073 , 1
1074 , 0
1075 , 0
1076 , 0
1077 , 0
1078 , 0
1079 , 0
1080 , 1
1081 , 0
1082 , 1
1083 , 0
1084 , 0
1085 , 0
1086 , 0
1087 , 0
1088 , 0
1089 , 1
1090 , 0
1091 , 1
1092 , 1
1093 , 0
1094 , 1
1095 , 1
1096 , 0
1097 , 0
1098 , 1
1099 , 0
1100 , 1
1101 , 1
1102 , 0
1103 , 1
1104 , 1
1105 , 0
1106 , 0
1107 , 1
1108 , 1
1109 , 0
1110 , 1
1111 , 1
1112 , 0
1113 , 1
1114 , 1
1115 , 1
1116 , 1
1117 , 1
1118 , 1
1119 , 1
1120 , 0
1121 , 1
1122 , 0
1123 , 1
1124 , 0
1125 , 1
1126 , 1
1127 , 1
1128 , 1
1129 , 0
1130 , 0
1131 , 1
1132 , 1
1133 , 0
1134 , 1
1135 , 0
1136 , 1
1137 , 1
1138 , 1
1139 , 1
1140 , 0
1141 , 1
1142 , 1
1143 , 0
1144 , 1
1145 , 1
1146 , 1
1147 , 0
1148 , 0
1149 , 1
1150 , 1
1151 , 0
1152 , 1
1153 , 1
1154 , 1
1155 , 0
1156 , 1
1157 , 0
1158 , 0
1159 , 0
1160 , 0
1161 , 0
1162 , 1
1163 , 0
1164 , 0
1165 , 1
1166 , 0
1167 , 0
1168 , 0
1169 , 0
1170 , 1
1171 , 0
1172 , 0
1173 , 0
1174 , 1
1175 , 1
1176 , 0
1177 , 1
1178 , 1
1179 , 0
1180 , 0
1181 , 1
1182 , 1
1183 , 1
1184 , 0
1185 , 0
1186 , 1
1187 , 1
1188 , 1
1189 , 0
1190 , 1
1191 , 0
1192 , 0
1193 , 1
1194 , 0
1195 , 1
1196 , 0
1197 , 0
1198 , 0
1199 , 0
1200 , 1
1201 , 0
1202 , 0
1203 , 0
1204 , 1
1205 , 0
1206 , 1
1207 , 0
1208 , 0
1209 , 0
1210 , 1
1211 , 0
1212 , 0
1213 , 0
1214 , 1
1215 , 1
1216 , 1
1217 , 0
1218 , 0
1219 , 1
1220 , 0
1221 , 0
1222 , 0
1223 , 0
1224 , 1
1225 , 0
1226 , 1
1227 , 1
1228 , 0
1229 , 1
1230 , 1
1231 , 1
1232 , 1
1233 , 0
1234 , 0
1235 , 1
1236 , 1
1237 , 0
1238 , 1
1239 , 0
1240 , 0
1241 , 0
1242 , 1
1243 , 1
1244 , 0
1245 , 1
1246 , 0
1247 , 0
1248 , 1
1249 , 0
1250 , 0
1251 , 1
1252 , 1
1253 , 1
1254 , 1
1255 , 1
1256 , 0
1257 , 0
1258 , 1
1259 , 1
1260 , 0
1261 , 0
1262 , 0
1263 , 0
1264 , 0
1265 , 0
1266 , 1
1267 , 1
1268 , 0
1269 , 0
1270 , 0
1271 , 0
1272 , 1
1273 , 1
1274 , 1
1275 , 1
1276 , 0
1277 , 0
1278 , 0
1279 , 1
1280 , 0
1281 , 1
1282 , 1
1283 , 0
1284 , 0
1285 , 1
1286 , 0
1287 , 0
1288 , 0
1289 , 0
1290 , 0
1291 , 1
1292 , 1
1293 , 0
1294 , 0
1295 , 1
1296 , 0
1297 , 1
1298 , 0
1299 , 1
1300 , 0
1301 , 1
1302 , 0
1303 , 0
1304 , 1
1305 , 0
1306 , 1
1307 , 1
1308 , 1
1309 , 1
1310 , 0
1311 , 1
1312 , 0
1313 , 1
1314 , 1
1315 , 1
1316 , 0
1317 , 0
1318 , 1
1319 , 1
1320 , 1
1321 , 0
1322 , 0
1323 , 1
1324 , 1
1325 , 0
1326 , 0
1327 , 0
1328 , 1
1329 , 1
1330 , 1
1331 , 0
1332 , 0
1333 , 0
1334 , 1
1335 , 1
1336 , 1
1337 , 1
1338 , 1
1339 , 1
1340 , 0
1341 , 1
1342 , 1
1343 , 0
1344 , 0
1345 , 0
1346 , 1
1347 , 1
1348 , 0
1349 , 1
1350 , 1
1351 , 1
1352 , 1
1353 , 1
1354 , 1
1355 , 0
1356 , 1
1357 , 1
1358 , 0
1359 , 1
1360 , 0
1361 , 0
1362 , 1
1363 , 0
1364 , 1
1365 , 0
1366 , 0
1367 , 0
1368 , 1
1369 , 0
1370 , 1
1371 , 0
1372 , 0
1373 , 0
1374 , 0
1375 , 1
1376 , 1
1377 , 1
1378 , 1
1379 , 1
1380 , 0
1381 , 1
1382 , 1
1383 , 1
1384 , 0
1385 , 0
1386 , 0
1387 , 0
1388 , 0
1389 , 1
1390 , 0
1391 , 1
1392 , 1
1393 , 0
1394 , 0
1395 , 0
1396 , 1
1397 , 1
1398 , 0
1399 , 1
1400 , 1
1401 , 0
1402 , 0
1403 , 0
1404 , 0
1405 , 1
1406 , 1
1407 , 1
1408 , 0
1409 , 1
1410 , 0
1411 , 0
1412 , 1
1413 , 1
1414 , 0
1415 , 1
1416 , 1
1417 , 1
1418 , 0
1419 , 0
1420 , 0
1421 , 0
1422 , 0
1423 , 0
1424 , 0
1425 , 0
1426 , 1
1427 , 0
1428 , 0
1429 , 0
1430 , 0
1431 , 0
1432 , 0
1433 , 0
1434 , 1
1435 , 1
1436 , 0
1437 , 0
1438 , 0
1439 , 1
1440 , 0
1441 , 1
1442 , 1
1443 , 0
1444 , 0
1445 , 1
1446 , 1
1447 , 0
1448 , 0
1449 , 1
1450 , 1
1451 , 1
1452 , 0
1453 , 1
1454 , 1
1455 , 1
1456 , 0
1457 , 1
1458 , 0
1459 , 0
1460 , 0
1461 , 0
1462 , 0
1463 , 1
1464 , 1
1465 , 0
1466 , 1
1467 , 0
1468 , 1
1469 , 1
1470 , 1
1471 , 1
1472 , 0
1473 , 0
1474 , 1
1475 , 0
1476 , 1
1477 , 1
1478 , 0
1479 , 0
1480 , 0
1481 , 1
1482 , 0
1483 , 0
1484 , 1
1485 , 1
1486 , 1
1487 , 1
1488 , 0
1489 , 0
1490 , 0
1491 , 1
1492 , 1
1493 , 0
1494 , 0
1495 , 0
1496 , 0
1497 , 0
1498 , 0
1499 , 1
1500 , 0
1501 , 0
1502 , 0
1503 , 0
1504 , 1
1505 , 0
1506 , 0
1507 , 1
1508 , 1
1509 , 0
1510 , 1
1511 , 1
1512 , 0
1513 , 0
1514 , 1
1515 , 1
1516 , 1
1517 , 1
1518 , 1
1519 , 0
1520 , 0
1521 , 1
1522 , 1
1523 , 1
1524 , 1
1525 , 0
1526 , 1
1527 , 1
1528 , 1
1529 , 1
1530 , 0
1531 , 0
1532 , 1
1533 , 1
1534 , 0
1535 , 1
1536 , 0
1537 , 1
1538 , 1
1539 , 1
1540 , 0
1541 , 0
1542 , 0
1543 , 1
1544 , 0
1545 , 1
1546 , 1
1547 , 0
1548 , 0
1549 , 1
1550 , 1
1551 , 0
1552 , 0
1553 , 0
1554 , 0
1555 , 1
1556 , 0
1557 , 1
1558 , 1
1559 , 1
1560 , 1
1561 , 0
1562 , 0
1563 , 0
1564 , 1
1565 , 0
1566 , 0
1567 , 1
1568 , 0
1569 , 1
1570 , 0
1571 , 1
1572 , 1
1573 , 1
1574 , 1
1575 , 1
1576 , 1
1577 , 0
1578 , 0
1579 , 0
1580 , 1
1581 , 0
1582 , 0
1583 , 1
1584 , 0
1585 , 1
1586 , 1
1587 , 1
1588 , 0
1589 , 0
1590 , 1
1591 , 1
1592 , 0
1593 , 0
1594 , 1
1595 , 1
1596 , 0
1597 , 1
1598 , 1
1599 , 0
1600 , 1
1601 , 1
1602 , 0
1603 , 1
1604 , 1
1605 , 1
1606 , 1
1607 , 1
1608 , 1
1609 , 0
1610 , 1
1611 , 1
1612 , 1
1613 , 0
1614 , 1
1615 , 1
1616 , 1
1617 , 1
1618 , 1
1619 , 0
1620 , 0
1621 , 1
1622 , 0
1623 , 0
1624 , 1
1625 , 0
1626 , 0
1627 , 1
1628 , 1
1629 , 0
1630 , 1
1631 , 1
1632 , 1
1633 , 1
1634 , 0
1635 , 0
1636 , 1
1637 , 0
1638 , 1
1639 , 0
1640 , 0
1641 , 0
1642 , 0
1643 , 0
1644 , 0
1645 , 0
1646 , 0
1647 , 1
1648 , 0
1649 , 0
1650 , 0
1651 , 0
1652 , 1
1653 , 1
1654 , 0
1655 , 1
1656 , 1
1657 , 0
1658 , 1
1659 , 1
1660 , 0
1661 , 0
1662 , 1
1663 , 1
1664 , 0
1665 , 1
1666 , 1
1667 , 1
1668 , 1
1669 , 0
1670 , 0
1671 , 0
1672 , 1
1673 , 0
1674 , 0
1675 , 0
1676 , 1
1677 , 1
1678 , 0
1679 , 0
1680 , 1
1681 , 0
1682 , 1
1683 , 1
1684 , 0
1685 , 1
1686 , 1
1687 , 1
1688 , 0
1689 , 1
1690 , 1
1691 , 1
1692 , 1
1693 , 0
1694 , 1
1695 , 0
1696 , 1
1697 , 1
1698 , 1
1699 , 1
1700 , 0
1701 , 0
1702 , 1
1703 , 0
1704 , 0
1705 , 0
1706 , 1
1707 , 1
1708 , 1
1709 , 0
1710 , 0
1711 , 1
1712 , 1
1713 , 0
1714 , 1
1715 , 1
1716 , 0
1717 , 0
1718 , 0
1719 , 1
1720 , 0
1721 , 1
1722 , 1
1723 , 0
1724 , 0
1725 , 0
1726 , 1
1727 , 1
1728 , 0
1729 , 0
1730 , 1
1731 , 1
1732 , 1
1733 , 0
1734 , 0
1735 , 0
1736 , 0
1737 , 0
1738 , 0
1739 , 1
1740 , 0
1741 , 0
1742 , 1
1743 , 1
1744 , 0
1745 , 0
1746 , 1
1747 , 1
1748 , 1
1749 , 1
1750 , 1
1751 , 0
1752 , 0
1753 , 1
1754 , 0
1755 , 1
1756 , 0
1757 , 0
1758 , 0
1759 , 0
1760 , 1
1761 , 1
1762 , 0
1763 , 0
1764 , 1
1765 , 0
1766 , 0
1767 , 0
1768 , 0
1769 , 1
1770 , 0
1771 , 0
1772 , 1
1773 , 1
1774 , 0
1775 , 0
1776 , 0
1777 , 0
1778 , 1
1779 , 0
1780 , 1
1781 , 1
1782 , 1
1783 , 0
1784 , 1
1785 , 0
1786 , 0
1787 , 1
1788 , 1
1789 , 0
1790 , 0
1791 , 1
1792 , 1
1793 , 1
1794 , 1
1795 , 0
1796 , 1
1797 , 1
1798 , 1
1799 , 1
1800 , 0
1801 , 0
1802 , 0
1803 , 1
1804 , 0
1805 , 1
1806 , 0
1807 , 0
1808 , 1
1809 , 1
1810 , 1
1811 , 1
1812 , 0
1813 , 1
1814 , 0
1815 , 0
1816 , 1
1817 , 0
1818 , 1
1819 , 1
1820 , 0
1821 , 1
1822 , 1
1823 , 0
1824 , 1
1825 , 1
1826 , 0
1827 , 0
1828 , 1
1829 , 0
1830 , 1
1831 , 0
1832 , 1
1833 , 1
1834 , 1
1835 , 0
1836 , 1
1837 , 1
1838 , 1
1839 , 1
1840 , 1
1841 , 1
1842 , 1
1843 , 0
1844 , 0
1845 , 1
1846 , 1
1847 , 1
1848 , 0
1849 , 0
1850 , 0
1851 , 1
1852 , 0
1853 , 1
1854 , 0
1855 , 0
1856 , 1
1857 , 0
1858 , 0
1859 , 1
1860 , 0
1861 , 1
1862 , 1
1863 , 1
1864 , 0
1865 , 0
1866 , 1
1867 , 1
1868 , 0
1869 , 1
1870 , 0
1871 , 0
1872 , 1
1873 , 1
1874 , 1
1875 , 0
1876 , 1
1877 , 0
1878 , 1
1879 , 1
1880 , 1
1881 , 0
1882 , 0
1883 , 0
1884 , 0
1885 , 0
1886 , 1
1887 , 0
1888 , 0
1889 , 0
1890 , 0
1891 , 0
1892 , 1
1893 , 1
1894 , 1
1895 , 1
1896 , 0
1897 , 0
1898 , 0
1899 , 1
1900 , 0
1901 , 1
1902 , 1
1903 , 0
1904 , 0
1905 , 1
1906 , 0
1907 , 1
1908 , 0
1909 , 0
1910 , 1
1911 , 0
1912 , 0
1913 , 1
1914 , 1
1915 , 0
1916 , 0
1917 , 0
1918 , 1
1919 , 0
1920 , 1
1921 , 1
1922 , 0
1923 , 1
1924 , 0
1925 , 0
1926 , 1
1927 , 0
1928 , 1
1929 , 1
1930 , 0
1931 , 0
1932 , 0
1933 , 1
1934 , 0
1935 , 0
1936 , 0
1937 , 0
1938 , 1
1939 , 1
1940 , 1
1941 , 0
1942 , 0
1943 , 1
1944 , 0
1945 , 1
1946 , 1
1947 , 0
1948 , 1
1949 , 0
1950 , 0
1951 , 1
1952 , 1
1953 , 1
1954 , 1
1955 , 1
1956 , 1
1957 , 1
1958 , 1
1959 , 0
1960 , 0
1961 , 1
1962 , 1
1963 , 1
1964 , 1
1965 , 1
1966 , 1
1967 , 0
1968 , 1
1969 , 0
1970 , 1
1971 , 0
1972 , 1
1973 , 0
1974 , 1
1975 , 1
1976 , 1
1977 , 0
1978 , 0
1979 , 1
1980 , 1
1981 , 0
1982 , 1
1983 , 0
1984 , 1
1985 , 0
1986 , 0
1987 , 1
1988 , 1
1989 , 1
1990 , 0
1991 , 1
1992 , 1
1993 , 1
1994 , 0
1995 , 0
1996 , 1
1997 , 0
1998 , 0
1999 , 1
2000 , 0
2001 , 0
2002 , 0
2003 , 0
2004 , 0
2005 , 0
2006 , 1
2007 , 0
2008 , 1
2009 , 0
2010 , 1
2011 , 1
2012 , 0
2013 , 0
2014 , 0
2015 , 1
2016 , 0
2017 , 1
2018 , 0
2019 , 0
2020 , 0
2021 , 0
2022 , 1
2023 , 1
2024 , 0
2025 , 1
2026 , 0
2027 , 0
2028 , 0
2029 , 0
2030 , 0
2031 , 0
2032 , 0
2033 , 1
2034 , 0
2035 , 1
2036 , 0
2037 , 1
2038 , 0
2039 , 1
2040 , 1
2041 , 0
2042 , 0
2043 , 0
2044 , 0
2045 , 1
2046 , 0
2047 , 1
2048 , 1
2049 , 1
2050 , 1
2051 , 1
2052 , 1
2053 , 1
2054 , 1
2055 , 0
2056 , 1
2057 , 1
2058 , 0
2059 , 1
2060 , 0
2061 , 0
2062 , 1
2063 , 0
2064 , 0
2065 , 1
2066 , 1
2067 , 0
2068 , 0
2069 , 1
2070 , 1
2071 , 1
2072 , 1
2073 , 0
2074 , 0
2075 , 1
2076 , 0
2077 , 0
2078 , 0
2079 , 1
2080 , 0
2081 , 0
2082 , 1
2083 , 1
2084 , 1
2085 , 0
2086 , 1
2087 , 1
2088 , 1
2089 , 1
2090 , 1
2091 , 1
2092 , 0
2093 , 1
2094 , 1
2095 , 0
2096 , 0
2097 , 0
2098 , 0
2099 , 0
2100 , 0
2101 , 0
2102 , 0
2103 , 1
2104 , 0
2105 , 1
2106 , 1
2107 , 1
2108 , 0
2109 , 1
2110 , 0
2111 , 0
2112 , 0
2113 , 1
2114 , 0
2115 , 0
2116 , 0
2117 , 0
2118 , 0
2119 , 1
2120 , 0
2121 , 0
2122 , 1
2123 , 0
2124 , 0
2125 , 1
2126 , 1
2127 , 1
2128 , 0
2129 , 1
2130 , 0
2131 , 0
2132 , 0
2133 , 1
2134 , 1
2135 , 0
2136 , 0
2137 , 0
2138 , 0
2139 , 1
2140 , 0
2141 , 0
2142 , 1
2143 , 1
2144 , 0
2145 , 1
2146 , 0
2147 , 1
2148 , 0
2149 , 1
2150 , 1
2151 , 1
2152 , 1
2153 , 0
2154 , 1
2155 , 0
2156 , 1
2157 , 1
2158 , 1
2159 , 1
2160 , 1
2161 , 1
2162 , 1
2163 , 0
2164 , 0
2165 , 1
2166 , 0
2167 , 0
2168 , 0
2169 , 1
2170 , 1
2171 , 0
2172 , 1
2173 , 0
2174 , 1
2175 , 0
2176 , 0
2177 , 1
2178 , 1
2179 , 1
2180 , 0
2181 , 0
2182 , 1
2183 , 0
2184 , 0
2185 , 1
2186 , 0
2187 , 0
2188 , 1
2189 , 0
2190 , 1
2191 , 0
2192 , 1
2193 , 1
2194 , 1
2195 , 1
2196 , 0
2197 , 1
2198 , 0
2199 , 1
2200 , 0
2201 , 1
2202 , 1
2203 , 0
2204 , 1
2205 , 0
2206 , 1
2207 , 0
2208 , 1
2209 , 0
2210 , 1
2211 , 0
2212 , 1
2213 , 0
2214 , 1
2215 , 1
2216 , 0
2217 , 0
2218 , 1
2219 , 0
2220 , 0
2221 , 0
2222 , 1
2223 , 0
2224 , 1
2225 , 0
2226 , 1
2227 , 1
2228 , 0
2229 , 1
2230 , 1
2231 , 1
2232 , 1
2233 , 1
2234 , 1
2235 , 0
2236 , 1
2237 , 1
2238 , 1
2239 , 0
2240 , 1
2241 , 0
2242 , 1
2243 , 0
2244 , 1
2245 , 0
2246 , 1
2247 , 0
2248 , 0
2249 , 0
2250 , 1
2251 , 1
2252 , 0
2253 , 0
2254 , 1
2255 , 0
2256 , 0
2257 , 1
2258 , 0
2259 , 0
2260 , 1
2261 , 0
2262 , 0
2263 , 0
2264 , 1
2265 , 1
2266 , 0
2267 , 0
2268 , 1
2269 , 1
2270 , 1
2271 , 0
2272 , 1
2273 , 0
2274 , 1
2275 , 1
2276 , 0
2277 , 1
2278 , 0
2279 , 1
2280 , 1
2281 , 1
2282 , 0
2283 , 1
2284 , 1
2285 , 0
2286 , 1
2287 , 1
2288 , 0
2289 , 1
2290 , 0
2291 , 0
2292 , 0
2293 , 0
2294 , 0
2295 , 1
2296 , 1
2297 , 0
2298 , 1
2299 , 1
2300 , 0
2301 , 1
2302 , 0
2303 , 1
2304 , 1
2305 , 0
2306 , 0
2307 , 1
2308 , 0
2309 , 1
2310 , 1
2311 , 1
2312 , 0
2313 , 0
2314 , 1
2315 , 0
2316 , 0
2317 , 0
2318 , 0
2319 , 1
2320 , 0
2321 , 0
2322 , 1
2323 , 1
2324 , 1
2325 , 0
2326 , 0
2327 , 1
2328 , 1
2329 , 1
2330 , 0
2331 , 1
2332 , 0
2333 , 1
2334 , 1
2335 , 0
2336 , 1
2337 , 0
2338 , 1
2339 , 0
2340 , 0
2341 , 1
2342 , 1
2343 , 1
2344 , 0
2345 , 1
2346 , 0
2347 , 1
2348 , 1
2349 , 1
2350 , 0
2351 , 1
2352 , 0
2353 , 0
2354 , 1
2355 , 1
2356 , 0
2357 , 0
2358 , 0
2359 , 1
2360 , 0
2361 , 1
2362 , 0
2363 , 0
2364 , 0
2365 , 0
2366 , 1
2367 , 1
2368 , 1
2369 , 0
2370 , 0
2371 , 0
2372 , 1
2373 , 0
2374 , 1
2375 , 1
2376 , 0
2377 , 1
2378 , 1
2379 , 0
2380 , 1
2381 , 0
2382 , 1
2383 , 1
2384 , 1
2385 , 0
2386 , 1
2387 , 0
2388 , 0
2389 , 1
2390 , 0
2391 , 0
2392 , 0
2393 , 0
2394 , 0
2395 , 0
2396 , 1
2397 , 1
2398 , 1
2399 , 0
2400 , 1
2401 , 1
2402 , 1
2403 , 0
2404 , 1
2405 , 0
2406 , 0
2407 , 0
2408 , 1
2409 , 1
2410 , 1
2411 , 1
2412 , 1
2413 , 0
2414 , 0
2415 , 0
2416 , 1
2417 , 0
2418 , 1
2419 , 0
2420 , 1
2421 , 0
2422 , 0
2423 , 1
2424 , 0
2425 , 0
2426 , 1
2427 , 1
2428 , 1
2429 , 1
2430 , 1
2431 , 1
2432 , 1
2433 , 0
2434 , 0
2435 , 0
2436 , 0
2437 , 1
2438 , 1
2439 , 1
2440 , 1
2441 , 1
2442 , 1
2443 , 1
2444 , 0
2445 , 1
2446 , 1
2447 , 1
2448 , 1
2449 , 1
2450 , 0
2451 , 0
2452 , 1
2453 , 0
2454 , 0
2455 , 1
2456 , 1
2457 , 1
2458 , 1
2459 , 1
2460 , 0
2461 , 1
2462 , 1
2463 , 1
2464 , 0
2465 , 0
2466 , 0
2467 , 1
2468 , 1
2469 , 1
2470 , 0
2471 , 0
2472 , 0
2473 , 0
2474 , 1
2475 , 0
2476 , 0
2477 , 1
2478 , 1
2479 , 0
2480 , 1
2481 , 1
2482 , 1
2483 , 1
2484 , 1
2485 , 1
2486 , 0
2487 , 1
2488 , 1
2489 , 0
2490 , 0
2491 , 1
2492 , 0
2493 , 0
2494 , 1
2495 , 0
2496 , 0
2497 , 0
2498 , 1
2499 , 0
2500 , 1
2501 , 1
2502 , 0
2503 , 0
2504 , 1
2505 , 1
2506 , 0
2507 , 0
2508 , 0
2509 , 1
2510 , 0
2511 , 0
2512 , 0
2513 , 1
2514 , 1
2515 , 0
2516 , 1
2517 , 1
2518 , 1
2519 , 1
2520 , 1
2521 , 1
2522 , 1
2523 , 1
2524 , 1
2525 , 1
2526 , 0
2527 , 0
2528 , 0
2529 , 1
2530 , 0
2531 , 0
2532 , 1
2533 , 1
2534 , 1
2535 , 0
2536 , 1
2537 , 1
2538 , 0
2539 , 1
2540 , 1
2541 , 0
2542 , 1
2543 , 1
2544 , 1
2545 , 0
2546 , 1
2547 , 0
2548 , 1
2549 , 0
2550 , 1
2551 , 0
2552 , 0
2553 , 0
2554 , 1
2555 , 0
2556 , 1
2557 , 1
2558 , 0
2559 , 1
2560 , 1
2561 , 0
2562 , 1
2563 , 0
2564 , 1
2565 , 0
2566 , 0
2567 , 1
2568 , 0
2569 , 1
2570 , 0
2571 , 0
2572 , 1
2573 , 1
2574 , 0
2575 , 1
2576 , 1
2577 , 1
2578 , 1
2579 , 1
2580 , 0
2581 , 1
2582 , 1
2583 , 0
2584 , 0
2585 , 0
2586 , 1
2587 , 1
2588 , 0
2589 , 0
2590 , 0
2591 , 0
2592 , 1
2593 , 0
2594 , 1
2595 , 1
2596 , 0
2597 , 0
2598 , 0
2599 , 0
2600 , 0
2601 , 1
2602 , 0
2603 , 0
2604 , 1
2605 , 0
2606 , 0
2607 , 1
2608 , 1
2609 , 1
2610 , 1
2611 , 1
2612 , 0
2613 , 0
2614 , 0
2615 , 1
2616 , 1
2617 , 0
2618 , 0
2619 , 0
2620 , 0
2621 , 0
2622 , 1
2623 , 1
2624 , 1
2625 , 0
2626 , 0
2627 , 1
2628 , 1
2629 , 0
2630 , 1
2631 , 1
2632 , 1
2633 , 0
2634 , 0
2635 , 1
2636 , 0
2637 , 1
2638 , 0
2639 , 0
2640 , 1
2641 , 0
2642 , 0
2643 , 0
2644 , 0
2645 , 0
2646 , 1
2647 , 1
2648 , 0
2649 , 1
2650 , 0
2651 , 1
2652 , 0
2653 , 0
2654 , 1
2655 , 1
2656 , 1
2657 , 1
2658 , 1
2659 , 1
2660 , 0
2661 , 1
2662 , 0
2663 , 1
2664 , 1
2665 , 0
2666 , 0
2667 , 1
2668 , 1
2669 , 1
2670 , 0
2671 , 1
2672 , 1
2673 , 0
2674 , 0
2675 , 1
2676 , 1
2677 , 1
2678 , 0
2679 , 0
2680 , 0
2681 , 1
2682 , 0
2683 , 0
2684 , 0
2685 , 0
2686 , 0
2687 , 1
2688 , 1
2689 , 1
2690 , 1
2691 , 0
2692 , 0
2693 , 1
2694 , 1
2695 , 0
2696 , 1
2697 , 0
2698 , 1
2699 , 1
2700 , 1
2701 , 0
2702 , 0
2703 , 0
2704 , 1
2705 , 0
2706 , 1
2707 , 0
2708 , 0
2709 , 0
2710 , 0
2711 , 1
2712 , 1
2713 , 1
2714 , 0
2715 , 0
2716 , 1
2717 , 0
2718 , 0
2719 , 1
2720 , 1
2721 , 0
2722 , 0
2723 , 0
2724 , 0
2725 , 1
2726 , 0
2727 , 1
2728 , 1
2729 , 1
2730 , 1
2731 , 0
2732 , 0
2733 , 1
2734 , 1
2735 , 1
2736 , 0
2737 , 1
2738 , 1
2739 , 1
2740 , 1
2741 , 1
2742 , 1
2743 , 1
2744 , 1
2745 , 1
2746 , 1
2747 , 1
2748 , 1
2749 , 0
2750 , 1
2751 , 1
2752 , 0
2753 , 0
2754 , 0
2755 , 0
2756 , 1
2757 , 1
2758 , 0
2759 , 0
2760 , 0
2761 , 1
2762 , 1
2763 , 0
2764 , 0
2765 , 1
2766 , 1
2767 , 0
2768 , 1
2769 , 0
2770 , 0
2771 , 1
2772 , 1
2773 , 1
2774 , 0
2775 , 1
2776 , 0
2777 , 1
2778 , 0
2779 , 1
2780 , 1
2781 , 1
2782 , 1
2783 , 1
2784 , 1
2785 , 1
2786 , 0
2787 , 0
2788 , 1
2789 , 1
2790 , 1
2791 , 1
2792 , 1
2793 , 0
2794 , 0
2795 , 0
2796 , 1
2797 , 0
2798 , 0
2799 , 0
2800 , 1
2801 , 0
2802 , 0
2803 , 0
2804 , 1
2805 , 1
2806 , 0
2807 , 0
2808 , 1
2809 , 1
2810 , 1
2811 , 0
2812 , 1
2813 , 0
2814 , 1
2815 , 0
2816 , 0
2817 , 1
2818 , 0
2819 , 0
2820 , 0
2821 , 0
2822 , 1
2823 , 1
2824 , 0
2825 , 0
2826 , 1
2827 , 1
2828 , 0
2829 , 0
2830 , 1
2831 , 0
2832 , 1
2833 , 1
2834 , 1
2835 , 0
2836 , 1
2837 , 1
2838 , 1
2839 , 1
2840 , 1
2841 , 0
2842 , 0
2843 , 0
2844 , 0
2845 , 1
2846 , 0
2847 , 0
2848 , 1
2849 , 0
2850 , 0
2851 , 1
2852 , 1
2853 , 1
2854 , 1
2855 , 0
2856 , 0
2857 , 1
2858 , 0
2859 , 0
2860 , 0
2861 , 1
2862 , 1
2863 , 1
2864 , 1
2865 , 0
2866 , 0
2867 , 1
2868 , 0
2869 , 0
2870 , 0
2871 , 0
2872 , 1
2873 , 0
2874 , 0
2875 , 0
2876 , 0
2877 , 1
2878 , 1
2879 , 0
2880 , 0
2881 , 1
2882 , 0
2883 , 1
2884 , 1
2885 , 0
2886 , 1
2887 , 1
2888 , 1
2889 , 1
2890 , 0
2891 , 1
2892 , 0
2893 , 1
2894 , 1
2895 , 1
2896 , 1
2897 , 1
2898 , 0
2899 , 1
2900 , 1
2901 , 0
2902 , 0
2903 , 1
2904 , 1
2905 , 1
2906 , 1
2907 , 0
2908 , 1
2909 , 1
2910 , 0
2911 , 1
2912 , 0
2913 , 0
2914 , 0
2915 , 1
2916 , 1
2917 , 0
2918 , 0
2919 , 1
2920 , 0
2921 , 0
2922 , 0
2923 , 1
2924 , 1
2925 , 1
2926 , 0
2927 , 0
2928 , 0
2929 , 0
2930 , 1
2931 , 0
2932 , 1
2933 , 1
2934 , 1
2935 , 1
2936 , 1
2937 , 1
2938 , 1
2939 , 1
2940 , 1
2941 , 0
2942 , 1
2943 , 1
2944 , 0
2945 , 1
2946 , 1
2947 , 0
2948 , 1
2949 , 1
2950 , 0
2951 , 1
2952 , 1
2953 , 1
2954 , 1
2955 , 0
2956 , 0
2957 , 1
2958 , 1
2959 , 0
2960 , 1
2961 , 1
2962 , 1
2963 , 0
2964 , 0
2965 , 1
2966 , 0
2967 , 1
2968 , 0
2969 , 0
2970 , 1
2971 , 0
2972 , 0
2973 , 1
2974 , 1
2975 , 0
2976 , 0
2977 , 0
2978 , 0
2979 , 0
2980 , 1
2981 , 0
2982 , 0
2983 , 0
2984 , 0
2985 , 1
2986 , 1
2987 , 1
2988 , 1
2989 , 0
2990 , 0
2991 , 1
2992 , 0
2993 , 0
2994 , 0
2995 , 0
2996 , 0
2997 , 1
2998 , 1
2999 , 0
3000 , 1
3001 , 0
3002 , 1
3003 , 0
3004 , 0
3005 , 1
3006 , 0
3007 , 1
3008 , 0
3009 , 0
3010 , 0
3011 , 1
3012 , 0
3013 , 1
3014 , 0
3015 , 1
3016 , 0
3017 , 0
3018 , 0
3019 , 0
3020 , 1
3021 , 0
3022 , 1
3023 , 1
3024 , 1
3025 , 0
3026 , 0
3027 , 0
3028 , 1
3029 , 0
3030 , 1
3031 , 1
3032 , 1
3033 , 0
3034 , 0
3035 , 0
3036 , 0
3037 , 0
3038 , 0
3039 , 0
3040 , 0
3041 , 1
3042 , 0
3043 , 0
3044 , 0
3045 , 0
3046 , 0
3047 , 1
3048 , 0
3049 , 1
3050 , 1
3051 , 0
3052 , 1
3053 , 1
3054 , 0
3055 , 1
3056 , 1
3057 , 0
3058 , 1
3059 , 1
3060 , 0
3061 , 1
3062 , 0
3063 , 1
3064 , 0
3065 , 0
3066 , 1
3067 , 1
3068 , 1
3069 , 1
3070 , 0
3071 , 1
3072 , 0
3073 , 1
3074 , 1
3075 , 1
3076 , 0
3077 , 0
3078 , 1
3079 , 1
3080 , 1
3081 , 0
3082 , 0
3083 , 1
3084 , 1
3085 , 0
3086 , 0
3087 , 1
3088 , 1
3089 , 1
3090 , 1
3091 , 0
3092 , 1
3093 , 0
3094 , 1
3095 , 0
3096 , 1
3097 , 0
3098 , 0
3099 , 0
3100 , 0
3101 , 1
3102 , 1
3103 , 0
3104 , 0
3105 , 0
3106 , 0
3107 , 1
3108 , 0
3109 , 1
3110 , 0
3111 , 0
3112 , 1
3113 , 0
3114 , 0
3115 , 1
3116 , 0
3117 , 1
3118 , 0
3119 , 0
3120 , 0
3121 , 1
3122 , 0
3123 , 1
3124 , 1
3125 , 0
3126 , 1
3127 , 1
3128 , 1
3129 , 1
3130 , 1
3131 , 1
3132 , 0
3133 , 0
3134 , 1
3135 , 0
3136 , 1
3137 , 1
3138 , 1
3139 , 1
3140 , 1
3141 , 0
3142 , 0
3143 , 1
3144 , 0
3145 , 1
3146 , 0
3147 , 0
3148 , 1
3149 , 1
3150 , 0
3151 , 1
3152 , 1
3153 , 1
3154 , 0
3155 , 1
3156 , 1
3157 , 0
3158 , 0
3159 , 1
3160 , 1
3161 , 0
3162 , 1
3163 , 0
3164 , 1
3165 , 0
3166 , 0
3167 , 0
3168 , 1
3169 , 1
3170 , 1
3171 , 0
3172 , 0
3173 , 1
3174 , 0
3175 , 1
3176 , 1
3177 , 0
3178 , 1
3179 , 0
3180 , 1
3181 , 0
3182 , 1
3183 , 0
3184 , 0
3185 , 1
3186 , 0
3187 , 1
3188 , 1
3189 , 0
3190 , 1
3191 , 1
3192 , 0
3193 , 0
3194 , 0
3195 , 1
3196 , 0
3197 , 1
3198 , 1
3199 , 1
3200 , 0
3201 , 0
3202 , 1
3203 , 1
3204 , 1
3205 , 0
3206 , 1
3207 , 1
3208 , 0
3209 , 1
3210 , 0
3211 , 1
3212 , 0
3213 , 1
3214 , 1
3215 , 1
3216 , 0
3217 , 0
3218 , 0
3219 , 0
3220 , 0
3221 , 1
3222 , 1
3223 , 0
3224 , 1
3225 , 1
3226 , 1
3227 , 1
3228 , 1
3229 , 0
3230 , 1
3231 , 0
3232 , 0
3233 , 0
3234 , 1
3235 , 0
3236 , 1
3237 , 1
3238 , 0
3239 , 0
3240 , 1
3241 , 0
3242 , 0
3243 , 1
3244 , 0
3245 , 0
3246 , 0
3247 , 0
3248 , 1
3249 , 1
3250 , 0
3251 , 1
3252 , 0
3253 , 0
3254 , 1
3255 , 1
3256 , 0
3257 , 0
3258 , 0
3259 , 1
3260 , 0
3261 , 1
3262 , 0
3263 , 0
3264 , 0
3265 , 0
3266 , 0
3267 , 0
3268 , 0
3269 , 1
3270 , 0
3271 , 1
3272 , 0
3273 , 0
3274 , 1
3275 , 0
3276 , 0
3277 , 1
3278 , 0
3279 , 0
3280 , 0
3281 , 0
3282 , 1
3283 , 1
3284 , 0
3285 , 1
3286 , 0
3287 , 0
3288 , 1
3289 , 0
3290 , 1
3291 , 1
3292 , 1
3293 , 0
3294 , 0
3295 , 1
3296 , 0
3297 , 0
3298 , 0
3299 , 0
3300 , 0
3301 , 0
3302 , 0
3303 , 0
3304 , 0
3305 , 0
3306 , 1
3307 , 1
3308 , 0
3309 , 1
3310 , 1
3311 , 0
3312 , 1
3313 , 1
3314 , 0
3315 , 1
3316 , 0
3317 , 0
3318 , 1
3319 , 1
3320 , 1
3321 , 0
3322 , 1
3323 , 0
3324 , 1
3325 , 0
3326 , 0
3327 , 1
3328 , 0
3329 , 1
3330 , 1
3331 , 1
3332 , 0
3333 , 1
3334 , 0
3335 , 0
3336 , 1
3337 , 0
3338 , 1
3339 , 0
3340 , 0
3341 , 1
3342 , 1
3343 , 0
3344 , 1
3345 , 0
3346 , 1
3347 , 0
3348 , 1
3349 , 1
3350 , 0
3351 , 1
3352 , 1
3353 , 1
3354 , 1
3355 , 0
3356 , 0
3357 , 0
3358 , 1
3359 , 0
3360 , 1
3361 , 1
3362 , 1
3363 , 1
3364 , 0
3365 , 0
3366 , 0
3367 , 0
3368 , 1
3369 , 0
3370 , 1
3371 , 0
3372 , 0
3373 , 1
3374 , 1
3375 , 1
3376 , 1
3377 , 0
3378 , 0
3379 , 0
3380 , 0
3381 , 0
3382 , 1
3383 , 1
3384 , 1
3385 , 0
3386 , 0
3387 , 0
3388 , 0
3389 , 0
3390 , 0
3391 , 1
3392 , 0
3393 , 0
3394 , 1
3395 , 1
3396 , 1
3397 , 0
3398 , 1
3399 , 1
3400 , 0
3401 , 0
3402 , 0
3403 , 1
3404 , 1
3405 , 0
3406 , 0
3407 , 0
3408 , 1
3409 , 0
3410 , 1
3411 , 0
3412 , 0
3413 , 0
3414 , 0
3415 , 1
3416 , 0
3417 , 1
3418 , 0
3419 , 1
3420 , 1
3421 , 1
3422 , 1
3423 , 1
3424 , 0
3425 , 0
3426 , 1
3427 , 0
3428 , 0
3429 , 0
3430 , 0
3431 , 1
3432 , 1
3433 , 1
3434 , 0
3435 , 0
3436 , 0
3437 , 1
3438 , 0
3439 , 1
3440 , 1
3441 , 0
3442 , 0
3443 , 0
3444 , 1
3445 , 0
3446 , 0
3447 , 0
3448 , 0
3449 , 1
3450 , 1
3451 , 1
3452 , 0
3453 , 1
3454 , 1
3455 , 0
3456 , 0
3457 , 1
3458 , 1
3459 , 0
3460 , 1
3461 , 0
3462 , 0
3463 , 0
3464 , 0
3465 , 0
3466 , 1
3467 , 1
3468 , 0
3469 , 0
3470 , 0
3471 , 1
3472 , 0
3473 , 1
3474 , 0
3475 , 0
3476 , 0
3477 , 0
3478 , 0
3479 , 0
3480 , 0
3481 , 1
3482 , 0
3483 , 0
3484 , 0
3485 , 0
3486 , 0
3487 , 1
3488 , 0
3489 , 0
3490 , 1
3491 , 1
3492 , 0
3493 , 1
3494 , 0
3495 , 1
3496 , 1
3497 , 1
3498 , 0
3499 , 1
3500 , 0
3501 , 1
3502 , 1
3503 , 1
3504 , 0
3505 , 1
3506 , 1
3507 , 0
3508 , 0
3509 , 0
3510 , 1
3511 , 1
3512 , 1
3513 , 1
3514 , 0
3515 , 1
3516 , 1
3517 , 1
3518 , 1
3519 , 1
3520 , 0
3521 , 0
3522 , 0
3523 , 0
3524 , 0
3525 , 1
3526 , 1
3527 , 0
3528 , 0
3529 , 0
3530 , 0
3531 , 0
3532 , 0
3533 , 0
3534 , 1
3535 , 1
3536 , 1
3537 , 0
3538 , 0
3539 , 1
3540 , 1
3541 , 1
3542 , 1
3543 , 1
3544 , 0
3545 , 0
3546 , 1
3547 , 1
3548 , 0
3549 , 1
3550 , 1
3551 , 1
3552 , 1
3553 , 0
3554 , 1
3555 , 0
3556 , 0
3557 , 1
3558 , 1
3559 , 0
3560 , 1
3561 , 1
3562 , 1
3563 , 1
3564 , 0
3565 , 0
3566 , 0
3567 , 1
3568 , 0
3569 , 1
3570 , 1
3571 , 1
3572 , 1
3573 , 1
3574 , 0
3575 , 1
3576 , 1
3577 , 0
3578 , 1
3579 , 0
3580 , 1
3581 , 0
3582 , 0
3583 , 1
3584 , 0
3585 , 1
3586 , 1
3587 , 0
3588 , 1
3589 , 0
3590 , 0
3591 , 0
3592 , 0
3593 , 1
3594 , 0
3595 , 0
3596 , 0
3597 , 1
3598 , 0
3599 , 1
3600 , 0
3601 , 0
3602 , 0
3603 , 0
3604 , 0
3605 , 1
3606 , 0
3607 , 1
3608 , 1
3609 , 1
3610 , 1
3611 , 0
3612 , 1
3613 , 0
3614 , 1
3615 , 1
3616 , 1
3617 , 0
3618 , 0
3619 , 1
3620 , 0
3621 , 0
3622 , 0
3623 , 0
3624 , 1
3625 , 1
3626 , 0
3627 , 1
3628 , 0
3629 , 0
3630 , 0
3631 , 1
3632 , 1
3633 , 1
3634 , 0
3635 , 1
3636 , 1
3637 , 1
3638 , 0
3639 , 1
3640 , 0
3641 , 0
3642 , 0
3643 , 0
3644 , 1
3645 , 0
3646 , 1
3647 , 1
3648 , 1
3649 , 1
3650 , 1
3651 , 1
3652 , 0
3653 , 0
3654 , 0
3655 , 1
3656 , 1
3657 , 1
3658 , 0
3659 , 1
3660 , 0
3661 , 1
3662 , 0
3663 , 0
3664 , 0
3665 , 1
3666 , 0
3667 , 0
3668 , 0
3669 , 1
3670 , 1
3671 , 1
3672 , 1
3673 , 0
3674 , 0
3675 , 0
3676 , 0
3677 , 1
3678 , 1
3679 , 0
3680 , 0
3681 , 0
3682 , 1
3683 , 0
3684 , 0
3685 , 1
3686 , 0
3687 , 1
3688 , 0
3689 , 0
3690 , 0
3691 , 0
3692 , 1
3693 , 1
3694 , 1
3695 , 0
3696 , 0
3697 , 0
3698 , 1
3699 , 0
3700 , 1
3701 , 0
3702 , 1
3703 , 0
3704 , 0
3705 , 1
3706 , 1
3707 , 1
3708 , 1
3709 , 1
3710 , 1
3711 , 0
3712 , 0
3713 , 1
3714 , 1
3715 , 1
3716 , 0
3717 , 1
3718 , 1
3719 , 1
3720 , 1
3721 , 1
3722 , 0
3723 , 0
3724 , 1
3725 , 1
3726 , 0
3727 , 1
3728 , 0
3729 , 0
3730 , 1
3731 , 0
3732 , 1
3733 , 1
3734 , 0
3735 , 1
3736 , 0
3737 , 0
3738 , 0
3739 , 1
3740 , 0
3741 , 1
3742 , 0
3743 , 1
3744 , 1
3745 , 0
3746 , 0
3747 , 1
3748 , 1
3749 , 1
3750 , 0
3751 , 0
3752 , 1
3753 , 0
3754 , 1
3755 , 0
3756 , 1
3757 , 1
3758 , 0
3759 , 1
3760 , 1
3761 , 0
3762 , 0
3763 , 0
3764 , 0
3765 , 0
3766 , 0
3767 , 0
3768 , 0
3769 , 0
3770 , 0
3771 , 0
3772 , 1
3773 , 1
3774 , 1
3775 , 0
3776 , 1
3777 , 1
3778 , 0
3779 , 1
3780 , 0
3781 , 1
3782 , 1
3783 , 0
3784 , 1
3785 , 1
3786 , 0
3787 , 1
3788 , 0
3789 , 1
3790 , 0
3791 , 1
3792 , 0
3793 , 1
3794 , 1
3795 , 1
3796 , 1
3797 , 0
3798 , 0
3799 , 1
3800 , 0
3801 , 1
3802 , 1
3803 , 0
3804 , 0
3805 , 0
3806 , 0
3807 , 1
3808 , 1
3809 , 0
3810 , 1
3811 , 1
3812 , 1
3813 , 1
3814 , 0
3815 , 0
3816 , 0
3817 , 0
3818 , 0
3819 , 0
3820 , 1
3821 , 1
3822 , 1
3823 , 1
3824 , 0
3825 , 0
3826 , 1
3827 , 0
3828 , 0
3829 , 1
3830 , 1
3831 , 1
3832 , 1
3833 , 0
3834 , 0
3835 , 1
3836 , 0
3837 , 0
3838 , 0
3839 , 1
3840 , 0
3841 , 1
3842 , 0
3843 , 0
3844 , 0
3845 , 0
3846 , 1
3847 , 0
3848 , 0
3849 , 0
3850 , 1
3851 , 1
3852 , 0
3853 , 0
3854 , 0
3855 , 1
3856 , 1
3857 , 0
3858 , 0
3859 , 0
3860 , 0
3861 , 0
3862 , 1
3863 , 1
3864 , 0
3865 , 0
3866 , 0
3867 , 0
3868 , 0
3869 , 0
3870 , 1
3871 , 1
3872 , 1
3873 , 1
3874 , 0
3875 , 1
3876 , 1
3877 , 0
3878 , 0
3879 , 0
3880 , 1
3881 , 0
3882 , 0
3883 , 0
3884 , 0
3885 , 0
3886 , 1
3887 , 1
3888 , 1
3889 , 1
3890 , 1
3891 , 0
3892 , 1
3893 , 1
3894 , 1
3895 , 1
3896 , 1
3897 , 1
3898 , 1
3899 , 1
3900 , 1
3901 , 1
3902 , 1
3903 , 1
3904 , 0
3905 , 0
3906 , 0
3907 , 0
3908 , 1
3909 , 0
3910 , 1
3911 , 0
3912 , 0
3913 , 0
3914 , 0
3915 , 1
3916 , 0
3917 , 1
3918 , 1
3919 , 1
3920 , 0
3921 , 0
3922 , 0
3923 , 1
3924 , 0
3925 , 1
3926 , 1
3927 , 0
3928 , 0
3929 , 1
3930 , 0
3931 , 0
3932 , 1
3933 , 0
3934 , 1
3935 , 0
3936 , 0
3937 , 1
3938 , 1
3939 , 1
3940 , 0
3941 , 0
3942 , 1
3943 , 0
3944 , 1
3945 , 0
3946 , 0
3947 , 1
3948 , 1
3949 , 0
3950 , 1
3951 , 0
3952 , 0
3953 , 1
3954 , 0
3955 , 1
3956 , 1
3957 , 0
3958 , 1
3959 , 1
3960 , 0
3961 , 1
3962 , 0
3963 , 0
3964 , 0
3965 , 0
3966 , 0
3967 , 0
3968 , 0
3969 , 1
3970 , 0
3971 , 1
3972 , 1
3973 , 1
3974 , 1
3975 , 0
3976 , 1
3977 , 0
3978 , 1
3979 , 0
3980 , 0
3981 , 0
3982 , 1
3983 , 1
3984 , 1
3985 , 0
3986 , 0
3987 , 0
3988 , 1
3989 , 0
3990 , 0
3991 , 1
3992 , 0
3993 , 0
3994 , 1
3995 , 0
3996 , 0
3997 , 0
3998 , 0
3999 , 0
4000 , 1
4001 , 1
4002 , 0
4003 , 1
4004 , 1
4005 , 1
4006 , 1
4007 , 0
4008 , 0
4009 , 0
4010 , 1
4011 , 0
4012 , 1
4013 , 1
4014 , 0
4015 , 0
4016 , 1
4017 , 0
4018 , 0
4019 , 0
4020 , 1
4021 , 0
4022 , 1
4023 , 0
4024 , 1
4025 , 1
4026 , 0
4027 , 0
4028 , 0
4029 , 0
4030 , 0
4031 , 0
4032 , 0
4033 , 0
4034 , 0
4035 , 0
4036 , 0
4037 , 0
4038 , 0
4039 , 1
4040 , 0
4041 , 0
4042 , 0
4043 , 0
4044 , 0
4045 , 0
4046 , 1
4047 , 0
4048 , 0
4049 , 0
4050 , 1
4051 , 1
4052 , 0
4053 , 0
4054 , 1
4055 , 0
4056 , 0
4057 , 1
4058 , 0
4059 , 0
4060 , 1
4061 , 0
4062 , 0
4063 , 0
4064 , 0
4065 , 1
4066 , 1
4067 , 1
4068 , 0
4069 , 1
4070 , 1
4071 , 1
4072 , 1
4073 , 1
4074 , 1
4075 , 1
4076 , 1
4077 , 1
4078 , 1
4079 , 1
4080 , 0
4081 , 0
4082 , 1
4083 , 1
4084 , 1
4085 , 0
4086 , 0
4087 , 1
4088 , 0
4089 , 1
4090 , 0
4091 , 1
4092 , 0
4093 , 1
4094 , 1
4095 , 0
4096 , 0
4097 , 1
4098 , 1
4099 , 1
4100 , 1
4101 , 1
4102 , 0
4103 , 0
4104 , 1
4105 , 0
4106 , 0
4107 , 0
4108 , 1
4109 , 1
4110 , 0
4111 , 0
4112 , 0
4113 , 1
4114 , 0
4115 , 0
4116 , 1
4117 , 1
4118 , 1
4119 , 1
4120 , 0
4121 , 1
4122 , 0
4123 , 1
4124 , 1
4125 , 1
4126 , 0
4127 , 1
4128 , 0
4129 , 1
4130 , 0
4131 , 1
4132 , 0
4133 , 0
4134 , 1
4135 , 1
4136 , 0
4137 , 1
4138 , 1
4139 , 1
4140 , 1
4141 , 0
4142 , 1
4143 , 0
4144 , 0
4145 , 1
4146 , 1
4147 , 1
4148 , 0
4149 , 0
4150 , 1
4151 , 0
4152 , 1
4153 , 0
4154 , 1
4155 , 1
4156 , 0
4157 , 0
4158 , 0
4159 , 0
4160 , 0
4161 , 1
4162 , 1
4163 , 1
4164 , 0
4165 , 1
4166 , 0
4167 , 0
4168 , 1
4169 , 1
4170 , 0
4171 , 1
4172 , 1
4173 , 0
4174 , 0
4175 , 0
4176 , 1
4177 , 0
4178 , 0
4179 , 0
4180 , 0
4181 , 0
4182 , 0
4183 , 1
4184 , 1
4185 , 1
4186 , 1
4187 , 1
4188 , 0
4189 , 1
4190 , 0
4191 , 1
4192 , 1
4193 , 0
4194 , 1
4195 , 0
4196 , 1
4197 , 1
4198 , 0
4199 , 1
4200 , 0
4201 , 1
4202 , 0
4203 , 1
4204 , 0
4205 , 0
4206 , 1
4207 , 1
4208 , 1
4209 , 1
4210 , 1
4211 , 0
4212 , 1
4213 , 1
4214 , 0
4215 , 0
4216 , 0
4217 , 1
4218 , 1
4219 , 0
4220 , 0
4221 , 0
4222 , 1
4223 , 1
4224 , 0
4225 , 0
4226 , 1
4227 , 1
4228 , 0
4229 , 1
4230 , 0
4231 , 0
4232 , 1
4233 , 1
4234 , 0
4235 , 1
4236 , 0
4237 , 0
4238 , 0
4239 , 0
4240 , 1
4241 , 1
4242 , 0
4243 , 1
4244 , 1
4245 , 0
4246 , 0
4247 , 0
4248 , 0
4249 , 1
4250 , 0
4251 , 1
4252 , 1
4253 , 0
4254 , 1
4255 , 1
4256 , 0
4257 , 1
4258 , 0
4259 , 1
4260 , 0
4261 , 1
4262 , 0
4263 , 1
4264 , 0
4265 , 1
4266 , 0
4267 , 1
4268 , 1
4269 , 0
4270 , 0
4271 , 0
4272 , 0
4273 , 0
4274 , 1
4275 , 1
4276 , 1
4277 , 0
4278 , 0
4279 , 1
4280 , 0
4281 , 0
4282 , 0
4283 , 1
4284 , 1
4285 , 0
4286 , 1
4287 , 1
4288 , 1
4289 , 0
4290 , 1
4291 , 1
4292 , 0
4293 , 0
4294 , 0
4295 , 0
4296 , 0
4297 , 0
4298 , 1
4299 , 1
4300 , 0
4301 , 1
4302 , 1
4303 , 0
4304 , 1
4305 , 1
4306 , 1
4307 , 0
4308 , 1
4309 , 1
4310 , 1
4311 , 0
4312 , 0
4313 , 0
4314 , 1
4315 , 1
4316 , 1
4317 , 1
4318 , 1
4319 , 0
4320 , 1
4321 , 1
4322 , 1
4323 , 0
4324 , 0
4325 , 1
4326 , 1
4327 , 0
4328 , 0
4329 , 0
4330 , 1
4331 , 1
4332 , 0
4333 , 0
4334 , 0
4335 , 0
4336 , 1
4337 , 1
4338 , 0
4339 , 0
4340 , 0
4341 , 0
4342 , 0
4343 , 1
4344 , 0
4345 , 0
4346 , 1
4347 , 1
4348 , 0
4349 , 1
4350 , 0
4351 , 0
4352 , 0
4353 , 0
4354 , 0
4355 , 0
4356 , 1
4357 , 1
4358 , 1
4359 , 0
4360 , 1
4361 , 1
4362 , 0
4363 , 0
4364 , 1
4365 , 0
4366 , 0
4367 , 0
4368 , 1
4369 , 1
4370 , 1
4371 , 0
4372 , 1
4373 , 0
4374 , 0
4375 , 1
4376 , 0
4377 , 0
4378 , 0
4379 , 1
4380 , 1
4381 , 1
4382 , 1
4383 , 1
4384 , 0
4385 , 0
4386 , 1
4387 , 1
4388 , 0
4389 , 0
4390 , 0
4391 , 0
4392 , 0
4393 , 0
4394 , 1
4395 , 0
4396 , 0
4397 , 1
4398 , 1
4399 , 1
4400 , 1
4401 , 1
4402 , 1
4403 , 0
4404 , 0
4405 , 1
4406 , 1
4407 , 0
4408 , 0
4409 , 1
4410 , 1
4411 , 1
4412 , 0
4413 , 1
4414 , 0
4415 , 0
4416 , 1
4417 , 1
4418 , 0
4419 , 1
4420 , 1
4421 , 0
4422 , 1
4423 , 0
4424 , 0
4425 , 1
4426 , 0
4427 , 0
4428 , 1
4429 , 1
4430 , 0
4431 , 0
4432 , 1
4433 , 1
4434 , 0
4435 , 1
4436 , 1
4437 , 0
4438 , 1
4439 , 0
4440 , 0
4441 , 0
4442 , 0
4443 , 0
4444 , 0
4445 , 1
4446 , 0
4447 , 0
4448 , 1
4449 , 0
4450 , 1
4451 , 1
4452 , 1
4453 , 0
4454 , 1
4455 , 1
4456 , 1
4457 , 1
4458 , 0
4459 , 0
4460 , 0
4461 , 0
4462 , 1
4463 , 0
4464 , 1
4465 , 0
4466 , 1
4467 , 0
4468 , 0
4469 , 1
4470 , 1
4471 , 1
4472 , 0
4473 , 1
4474 , 0
4475 , 1
4476 , 0
4477 , 1
4478 , 1
4479 , 1
4480 , 0
4481 , 0
4482 , 0
4483 , 1
4484 , 0
4485 , 1
4486 , 1
4487 , 0
4488 , 0
4489 , 1
4490 , 1
4491 , 0
4492 , 0
4493 , 0
4494 , 1
4495 , 0
4496 , 1
4497 , 1
4498 , 0
4499 , 1
4500 , 0
4501 , 0
4502 , 0
4503 , 0
4504 , 1
4505 , 1
4506 , 0
4507 , 1
4508 , 0
4509 , 0
4510 , 0
4511 , 0
4512 , 0
4513 , 0
4514 , 0
4515 , 1
4516 , 1
4517 , 0
4518 , 1
4519 , 0
4520 , 0
4521 , 1
4522 , 0
4523 , 0
4524 , 0
4525 , 0
4526 , 1
4527 , 0
4528 , 0
4529 , 1
4530 , 1
4531 , 1
4532 , 1
4533 , 1
4534 , 1
4535 , 1
4536 , 1
4537 , 0
4538 , 0
4539 , 0
4540 , 0
4541 , 1
4542 , 1
4543 , 1
4544 , 1
4545 , 1
4546 , 0
4547 , 1
4548 , 0
4549 , 1
4550 , 1
4551 , 0
4552 , 1
4553 , 1
4554 , 0
4555 , 0
4556 , 1
4557 , 0
4558 , 1
4559 , 0
4560 , 0
4561 , 0
4562 , 0
4563 , 1
4564 , 0
4565 , 0
4566 , 1
4567 , 0
4568 , 1
4569 , 0
4570 , 1
4571 , 0
4572 , 0
4573 , 0
4574 , 1
4575 , 1
4576 , 0
4577 , 1
4578 , 0
4579 , 1
4580 , 1
4581 , 0
4582 , 1
4583 , 1
4584 , 0
4585 , 0
4586 , 0
4587 , 0
4588 , 1
4589 , 0
4590 , 1
4591 , 0
4592 , 1
4593 , 0
4594 , 1
4595 , 0
4596 , 1
4597 , 1
4598 , 1
4599 , 1
4600 , 0
4601 , 1
4602 , 0
4603 , 0
4604 , 1
4605 , 1
4606 , 1
4607 , 0
4608 , 0
4609 , 1
4610 , 1
4611 , 1
4612 , 0
4613 , 1
4614 , 0
4615 , 0
4616 , 0
4617 , 0
4618 , 0
4619 , 1
4620 , 1
4621 , 1
4622 , 1
4623 , 1
4624 , 1
4625 , 0
4626 , 1
4627 , 1
4628 , 1
4629 , 1
4630 , 1
4631 , 0
4632 , 0
4633 , 1
4634 , 1
4635 , 0
4636 , 0
4637 , 1
4638 , 0
4639 , 0
4640 , 1
4641 , 0
4642 , 1
4643 , 1
4644 , 1
4645 , 0
4646 , 1
4647 , 0
4648 , 1
4649 , 0
4650 , 1
4651 , 0
4652 , 1
4653 , 1
4654 , 1
4655 , 1
4656 , 0
4657 , 1
4658 , 0
4659 , 1
4660 , 0
4661 , 1
4662 , 1
4663 , 1
4664 , 0
4665 , 0
4666 , 1
4667 , 1
4668 , 0
4669 , 1
4670 , 0
4671 , 1
4672 , 0
4673 , 0
4674 , 1
4675 , 0
4676 , 1
4677 , 0
4678 , 1
4679 , 1
4680 , 1
4681 , 1
4682 , 1
4683 , 1
4684 , 0
4685 , 1
4686 , 1
4687 , 0
4688 , 0
4689 , 1
4690 , 1
4691 , 0
4692 , 0
4693 , 0
4694 , 1
4695 , 1
4696 , 1
4697 , 0
4698 , 0
4699 , 1
4700 , 1
4701 , 1
4702 , 1
4703 , 0
4704 , 0
4705 , 1
4706 , 1
4707 , 1
4708 , 0
4709 , 1
4710 , 1
4711 , 0
4712 , 0
4713 , 1
4714 , 1
4715 , 0
4716 , 0
4717 , 0
4718 , 1
4719 , 1
4720 , 0
4721 , 0
4722 , 1
4723 , 1
4724 , 0
4725 , 0
4726 , 0
4727 , 0
4728 , 1
4729 , 0
4730 , 1
4731 , 1
4732 , 1
4733 , 1
4734 , 0
4735 , 1
4736 , 1
4737 , 1
4738 , 1
4739 , 1
4740 , 0
4741 , 0
4742 , 0
4743 , 1
4744 , 0
4745 , 0
4746 , 1
4747 , 0
4748 , 0
4749 , 0
4750 , 0
4751 , 1
4752 , 1
4753 , 0
4754 , 1
4755 , 0
4756 , 1
4757 , 1
4758 , 1
4759 , 1
4760 , 1
4761 , 1
4762 , 0
4763 , 0
4764 , 1
4765 , 1
4766 , 0
4767 , 0
4768 , 1
4769 , 0
4770 , 0
4771 , 1
4772 , 1
4773 , 0
4774 , 0
4775 , 1
4776 , 0
4777 , 0
4778 , 0
4779 , 0
4780 , 0
4781 , 0
4782 , 0
4783 , 0
4784 , 1
4785 , 0
4786 , 0
4787 , 0
4788 , 1
4789 , 0
4790 , 0
4791 , 1
4792 , 0
4793 , 1
4794 , 1
4795 , 1
4796 , 1
4797 , 0
4798 , 0
4799 , 1
4800 , 0
4801 , 1
4802 , 0
4803 , 0
4804 , 1
4805 , 1
4806 , 1
4807 , 0
4808 , 1
4809 , 0
4810 , 0
4811 , 0
4812 , 1
4813 , 0
4814 , 1
4815 , 1
4816 , 0
4817 , 1
4818 , 0
4819 , 0
4820 , 1
4821 , 1
4822 , 1
4823 , 0
4824 , 0
4825 , 1
4826 , 0
4827 , 0
4828 , 1
4829 , 1
4830 , 1
4831 , 1
4832 , 0
4833 , 0
4834 , 0
4835 , 1
4836 , 0
4837 , 1
4838 , 0
4839 , 0
4840 , 0
4841 , 1
4842 , 1
4843 , 1
4844 , 1
4845 , 0
4846 , 0
4847 , 1
4848 , 0
4849 , 0
4850 , 1
4851 , 1
4852 , 0
4853 , 1
4854 , 0
4855 , 0
4856 , 1
4857 , 1
4858 , 1
4859 , 0
4860 , 1
4861 , 0
4862 , 0
4863 , 1
4864 , 1
4865 , 0
4866 , 1
4867 , 1
4868 , 0
4869 , 1
4870 , 0
4871 , 1
4872 , 1
4873 , 0
4874 , 0
4875 , 1
4876 , 1
4877 , 0
4878 , 0
4879 , 1
4880 , 1
4881 , 0
4882 , 0
4883 , 0
4884 , 1
4885 , 0
4886 , 1
4887 , 1
4888 , 1
4889 , 1
4890 , 0
4891 , 1
4892 , 0
4893 , 0
4894 , 0
4895 , 0
4896 , 1
4897 , 1
4898 , 0
4899 , 1
4900 , 0
4901 , 0
4902 , 0
4903 , 0
4904 , 1
4905 , 0
4906 , 1
4907 , 1
4908 , 1
4909 , 1
4910 , 0
4911 , 0
4912 , 0
4913 , 1
4914 , 0
4915 , 1
4916 , 0
4917 , 1
4918 , 1
4919 , 1
4920 , 0
4921 , 0
4922 , 1
4923 , 1
4924 , 1
4925 , 1
4926 , 0
4927 , 1
4928 , 1
4929 , 0
4930 , 0
4931 , 0
4932 , 0
4933 , 0
4934 , 0
4935 , 1
4936 , 1
4937 , 1
4938 , 1
4939 , 1
4940 , 1
4941 , 1
4942 , 1
4943 , 1
4944 , 1
4945 , 0
4946 , 1
4947 , 1
4948 , 0
4949 , 0
4950 , 0
4951 , 1
4952 , 0
4953 , 0
4954 , 1
4955 , 0
4956 , 0
4957 , 1
4958 , 1
4959 , 0
4960 , 1
4961 , 1
4962 , 1
4963 , 0
4964 , 0
4965 , 1
4966 , 1
4967 , 1
4968 , 1
4969 , 1
4970 , 1
4971 , 0
4972 , 0
4973 , 0
4974 , 0
4975 , 1
4976 , 0
4977 , 1
4978 , 0
4979 , 0
4980 , 1
4981 , 1
4982 , 1
4983 , 0
4984 , 1
4985 , 1
4986 , 1
4987 , 1
4988 , 1
4989 , 1
4990 , 1
4991 , 1
4992 , 1
4993 , 1
4994 , 1
4995 , 1
4996 , 1
4997 , 1
4998 , 1
4999 , 1
5000 , 0
